﻿<?xml version="1.0" encoding="utf-8"?>
<publishData>
  <publishProfile publishUrl="D:\Deploy\BackEndDeploy" deleteExistingFiles="True" ftpAnonymousLogin="False" ftpPassiveMode="True" msdeploySite="" msdeploySiteID="" msdeployRemoteSitePhysicalPath="" msdeployAllowUntrustedCertificate="False" msdeploySkipExtraFilesOnServer="True" msdeployMarkAsApp="False" profileName="Profile1" publishMethod="FileSystem" replaceMatchingFiles="False" userName="" savePWD="False" userPWD="" SelectedForPublish="False">
    <file relUrl="Services/SAM01200Service/SAM01200StreamingService/SAM01200StreamingService.svc" publishTime="10/04/2016 10:15:33" />
    <file relUrl="bin/SAM02300Common.dll" publishTime="07/06/2018 12:05:15" />
    <file relUrl="Services/SAI00100Service/SAI00100Service.svc" publishTime="07/25/2018 13:57:34" />
    <file relUrl="Services/SAM01400Service/GST0220Service/GST0220Service.svc" publishTime="10/04/2016 10:15:59" />
    <file relUrl="bin/SAM01300Back.dll" publishTime="10/10/2018 11:30:00" />
    <file relUrl="bin/TelerikMenuBackResources.pdb" publishTime="09/26/2018 16:37:08" />
    <file relUrl="Services/SAM01100Service/MenuProgramService/MenuProgramService.svc" publishTime="10/04/2016 10:15:14" />
    <file relUrl="Services/SAM01100Service/SAM01100StreamingService/SAM01100StreamingService.svc" publishTime="10/04/2016 10:15:09" />
    <file relUrl="bin/SAM00200Back.dll" publishTime="07/05/2018 16:21:44" />
    <file relUrl="bin/SAM01100Back.pdb" publishTime="07/16/2018 14:43:24" />
    <file relUrl="Services/SAM01300Service/SAM01300StreamingService/SAM01300StreamingService.svc" publishTime="10/04/2016 10:15:43" />
    <file relUrl="bin/GSM00100Common.xml" publishTime="07/05/2018 16:03:46" />
    <file relUrl="Services/SAM01400Service/GST0200Service/GST0200Service.svc" publishTime="10/04/2016 10:16:08" />
    <file relUrl="Services/SAM01000Service/SAM01000Service.svc" publishTime="10/04/2016 10:14:55" />
    <file relUrl="bin/HelperStreamExtensionLibrary.dll" publishTime="08/08/2017 11:51:49" />
    <file relUrl="bin/SAI00100Common.xml" publishTime="07/25/2018 11:16:59" />
    <file relUrl="bin/GSM00200Back.xml" publishTime="07/05/2018 16:07:33" />
    <file relUrl="bin/REL_Common.dll" publishTime="11/23/2018 13:51:31" />
    <file relUrl="bin/GSM00100Common.dll" publishTime="07/05/2018 16:03:46" />
    <file relUrl="bin/FileHelpers.dll" publishTime="05/23/2016 14:54:02" />
    <file relUrl="Services/Helper/R_EmailEngineService.svc" publishTime="10/03/2016 16:56:55" />
    <file relUrl="bin/SAM01200Back.xml" publishTime="07/31/2018 15:07:12" />
    <file relUrl="bin/SAM01500Common.dll" publishTime="07/06/2018 12:01:02" />
    <file relUrl="bin/SAM02300Common.xml" publishTime="07/06/2018 12:05:15" />
    <file relUrl="bin/SAM01200Back.pdb" publishTime="07/31/2018 15:07:12" />
    <file relUrl="Services/MenuService/MenuService.svc" publishTime="10/03/2016 17:02:04" />
    <file relUrl="bin/SAM01300Back.xml" publishTime="10/10/2018 11:30:00" />
    <file relUrl="bin/SAM00200Common.pdb" publishTime="07/05/2018 16:21:42" />
    <file relUrl="bin/GSM00200Common.dll" publishTime="07/05/2018 16:07:32" />
    <file relUrl="Services/SAM01400Service/SAM01400Service.svc" publishTime="10/04/2016 10:15:48" />
    <file relUrl="Services/SAM02200Service/SAM02200Service.svc" publishTime="10/04/2016 10:17:06" />
    <file relUrl="Services/SAM01600Service/SAM01600Service/SAM01600Service.svc" publishTime="10/04/2016 10:16:33" />
    <file relUrl="Web.config" publishTime="11/28/2018 17:19:21" />
    <file relUrl="bin/TelerikMenuBackCls.dll" publishTime="09/26/2018 16:48:59" />
    <file relUrl="bin/R_EmailEngine.pdb" publishTime="11/23/2018 14:04:43" />
    <file relUrl="Services/MenuService/MenuStreamingService/MenuStreamingService.svc" publishTime="10/03/2016 17:02:01" />
    <file relUrl="Services/SAM01600Service/SAM01600StreamingService/SAM01600StreamingService.svc" publishTime="10/04/2016 10:16:38" />
    <file relUrl="bin/id/SAM01600BackResources.resources.dll" publishTime="07/06/2018 12:02:10" />
    <file relUrl="bin/GSI00100Back.xml" publishTime="07/05/2018 14:52:28" />
    <file relUrl="bin/SAM02200Back.dll" publishTime="07/06/2018 12:54:31" />
    <file relUrl="bin/SAM01500Common.xml" publishTime="07/06/2018 12:01:02" />
    <file relUrl="bin/SAM01500Back.pdb" publishTime="07/06/2018 12:54:31" />
    <file relUrl="bin/TelerikMenuService.pdb" publishTime="11/23/2018 14:04:59" />
    <file relUrl="bin/RESTfulEngine.CSharpClient.dll" publishTime="08/14/2018 16:16:38" />
    <file relUrl="Services/GSM00200Service/GSM00200StreamingService/GSM00200StreamingService.svc" publishTime="10/04/2016 10:14:13" />
    <file relUrl="Services/Helper/R_LicenseActivationService.svc" publishTime="10/03/2016 16:56:58" />
    <file relUrl="Services/MyProfileService/MyProfileService.svc" publishTime="10/03/2016 17:01:59" />
    <file relUrl="bin/GSI00100Back.dll" publishTime="07/05/2018 14:52:28" />
    <file relUrl="bin/SAI00100Common.pdb" publishTime="07/25/2018 11:16:59" />
    <file relUrl="bin/REL_StreamExtendedLibrary.dll" publishTime="04/12/2018 11:09:51" />
    <file relUrl="bin/id/REL_BackEnd.resources.dll" publishTime="02/01/2018 17:02:58" />
    <file relUrl="bin/GSM00100Back.pdb" publishTime="07/06/2018 12:54:30" />
    <file relUrl="Services/GSM00200Service/GSM00210Service/GSM00210Service.svc" publishTime="10/04/2016 10:14:07" />
    <file relUrl="bin/SAM01600Common.pdb" publishTime="07/06/2018 12:02:10" />
    <file relUrl="bin/SAM01600Common.xml" publishTime="07/06/2018 12:02:10" />
    <file relUrl="bin/SAI00100Back.pdb" publishTime="07/25/2018 15:37:21" />
    <file relUrl="bin/SAM01600Back.xml" publishTime="07/06/2018 12:54:31" />
    <file relUrl="bin/SAM02200Common.pdb" publishTime="07/06/2018 12:04:24" />
    <file relUrl="bin/log4net.dll" publishTime="12/10/2015 17:55:06" />
    <file relUrl="Services/TestServices/TestReportService.svc" publishTime="09/10/2018 12:02:18" />
    <file relUrl="bin/log4net.xml" publishTime="05/23/2016 14:53:30" />
    <file relUrl="Services/SAM01200Service/SAM01200Service.svc" publishTime="10/04/2016 10:15:19" />
    <file relUrl="bin/TelerikMenuBackCls.xml" publishTime="09/26/2018 16:48:59" />
    <file relUrl="Services/Helper/R_ProcessAndUploadService.svc" publishTime="10/03/2016 16:57:14" />
    <file relUrl="bin/SAM01100Common.xml" publishTime="07/16/2018 14:43:23" />
    <file relUrl="bin/SAM02300Back.pdb" publishTime="07/06/2018 12:54:31" />
    <file relUrl="bin/SAM02100Common.pdb" publishTime="07/06/2018 12:03:03" />
    <file relUrl="bin/REL_BackEnd.pdb" publishTime="02/01/2018 17:02:57" />
    <file relUrl="bin/HelperStreamExtensionLibrary.pdb" publishTime="08/08/2017 11:51:49" />
    <file relUrl="bin/SAM01100Back.dll" publishTime="07/16/2018 14:43:24" />
    <file relUrl="Services/SAM01100Service/SAM01100Service.svc" publishTime="10/04/2016 10:15:05" />
    <file relUrl="bin/SAM01100Common.dll" publishTime="07/16/2018 14:43:23" />
    <file relUrl="bin/SAM02100Back.pdb" publishTime="07/06/2018 12:54:31" />
    <file relUrl="bin/id/TelerikMenuBackResources.resources.dll" publishTime="09/26/2018 16:37:08" />
    <file relUrl="bin/SAM01600BackResources.dll" publishTime="07/06/2018 12:02:10" />
    <file relUrl="bin/SAM01200Common.pdb" publishTime="07/31/2018 15:53:38" />
    <file relUrl="bin/GSM00200Back.dll" publishTime="07/05/2018 16:07:33" />
    <file relUrl="Services/SAM01500Service/SAM01500StreamingService/SAM01500StreamingService.svc" publishTime="10/04/2016 10:16:19" />
    <file relUrl="bin/MyProfileBack.pdb" publishTime="07/05/2018 15:06:24" />
    <file relUrl="Services/SAM00200Service/SAM00200StreamingService/SAM00200StreamingService.svc" publishTime="10/04/2016 10:14:50" />
    <file relUrl="bin/SAM01200Common.xml" publishTime="07/31/2018 15:53:38" />
    <file relUrl="bin/SAM01200Back.dll" publishTime="07/31/2018 15:07:12" />
    <file relUrl="bin/SAM01300Common.pdb" publishTime="10/10/2018 11:29:13" />
    <file relUrl="bin/SAM00200Common.dll" publishTime="07/05/2018 16:21:42" />
    <file relUrl="Services/Helper/R_MailMergeService.svc" publishTime="10/03/2016 16:57:06" />
    <file relUrl="bin/SAM01400Back.dll" publishTime="07/06/2018 12:00:19" />
    <file relUrl="Services/SAM01400Service/GST0230Service/GST0230Service.svc" publishTime="10/04/2016 10:15:54" />
    <file relUrl="bin/R_EmailEngine.xml" publishTime="11/23/2018 14:04:43" />
    <file relUrl="bin/SAM02200Common.xml" publishTime="07/06/2018 12:04:24" />
    <file relUrl="bin/SAM01100Back.xml" publishTime="07/16/2018 14:43:24" />
    <file relUrl="Services/SAM01500Service/SAM01500Service.svc" publishTime="10/04/2016 10:16:15" />
    <file relUrl="bin/GSI00100Common.xml" publishTime="07/05/2018 14:52:27" />
    <file relUrl="bin/SAM01000Back.pdb" publishTime="08/27/2018 14:29:46" />
    <file relUrl="bin/SAM01000Back.xml" publishTime="08/27/2018 14:29:46" />
    <file relUrl="bin/GSI00100Common.pdb" publishTime="07/05/2018 14:52:27" />
    <file relUrl="bin/KeySynch.dll" publishTime="05/23/2016 14:53:30" />
    <file relUrl="bin/ja/TelerikMenuBackResources.resources.dll" publishTime="09/26/2018 16:37:08" />
    <file relUrl="bin/GSI00100Common.dll" publishTime="07/05/2018 14:52:27" />
    <file relUrl="Services/GSM00100Service/GSM00100Service.svc" publishTime="10/04/2016 10:13:51" />
    <file relUrl="bin/DocumentFormat.OpenXml.dll" publishTime="05/23/2016 14:54:02" />
    <file relUrl="bin/SAM02100Common.xml" publishTime="07/06/2018 12:03:03" />
    <file relUrl="bin/GSM00200Common.xml" publishTime="07/05/2018 16:07:32" />
    <file relUrl="Services/Helper/R_PivotService.svc" publishTime="10/03/2016 16:57:10" />
    <file relUrl="bin/REL_Common.pdb" publishTime="11/23/2018 13:51:31" />
    <file relUrl="bin/TelerikMenuBackResources.dll" publishTime="09/26/2018 16:37:08" />
    <file relUrl="bin/SAM02200Back.pdb" publishTime="07/06/2018 12:54:31" />
    <file relUrl="bin/SAM01500Back.dll" publishTime="07/06/2018 12:54:31" />
    <file relUrl="Services/SAM02100Service/SAM02100StreamingService/SAM02100StreamingService.svc" publishTime="10/04/2016 10:16:57" />
    <file relUrl="Services/GSM00100Service/GSM00100StreamingService/GSM00100StreamingService.svc" publishTime="10/04/2016 10:13:56" />
    <file relUrl="Services/SAM01400Service/GST0210Service/GST0210Service.svc" publishTime="10/04/2016 10:16:04" />
    <file relUrl="bin/GSM00100Back.xml" publishTime="07/06/2018 12:54:30" />
    <file relUrl="bin/SAI00100Common.dll" publishTime="07/25/2018 11:16:59" />
    <file relUrl="bin/TelerikMenuBackResources.xml" publishTime="09/26/2018 16:37:08" />
    <file relUrl="bin/GSM00100Back.dll" publishTime="07/06/2018 12:54:30" />
    <file relUrl="Services/Helper/R_SecurityPolicyService.svc" publishTime="10/03/2016 16:57:18" />
    <file relUrl="bin/SAI00100Back.xml" publishTime="07/25/2018 15:37:21" />
    <file relUrl="bin/SAM01600Back.dll" publishTime="07/06/2018 12:54:31" />
    <file relUrl="bin/JWT.dll" publishTime="05/23/2016 14:53:30" />
    <file relUrl="bin/SAI00100Back.dll" publishTime="07/25/2018 15:37:21" />
    <file relUrl="bin/SAM01600Common.dll" publishTime="07/06/2018 12:02:10" />
    <file relUrl="bin/SAM02200Common.dll" publishTime="07/06/2018 12:04:24" />
    <file relUrl="Services/LoginService/LoginService.svc" publishTime="10/03/2016 17:02:06" />
    <file relUrl="bin/TelerikMenuBackCls.pdb" publishTime="09/26/2018 16:48:59" />
    <file relUrl="bin/SAM02300Back.xml" publishTime="07/06/2018 12:54:31" />
    <file relUrl="Services/SAI00100Service/SAI00100StreamingService/SAI00100StreamingService.svc" publishTime="10/04/2016 10:14:29" />
    <file relUrl="bin/SAM01300Back.pdb" publishTime="10/10/2018 11:30:00" />
    <file relUrl="Services/SAM02300Service/SAM02300Service.svc" publishTime="02/07/2018 15:56:42" />
    <file relUrl="bin/SpreadsheetLight.dll" publishTime="05/23/2016 14:54:02" />
    <file relUrl="Services/SAM02100Service/SAM02100Service.svc" publishTime="10/04/2016 10:16:53" />
    <file relUrl="bin/SAM02100Back.xml" publishTime="07/06/2018 12:54:31" />
    <file relUrl="bin/SAM02100Common.dll" publishTime="07/06/2018 12:03:03" />
    <file relUrl="bin/REL_BackEnd.dll" publishTime="02/01/2018 17:02:57" />
    <file relUrl="bin/SAM01400Back.pdb" publishTime="07/06/2018 12:00:19" />
    <file relUrl="bin/SAM01500Back.xml" publishTime="07/06/2018 12:54:31" />
    <file relUrl="Services/GSM00200Service/GSM00200Service.svc" publishTime="10/04/2016 10:14:03" />
    <file relUrl="bin/SAM01400Back.xml" publishTime="07/06/2018 12:00:19" />
    <file relUrl="Services/SAM02300Service/SAM02300StreamingService/SAM02300StreamingService.svc" publishTime="02/07/2018 15:51:37" />
    <file relUrl="bin/SAM02100Back.dll" publishTime="07/06/2018 12:54:31" />
    <file relUrl="bin/GSM00100Common.pdb" publishTime="07/05/2018 16:03:46" />
    <file relUrl="Services/SAM00200Service/SAM00200Service.svc" publishTime="10/04/2016 10:14:45" />
    <file relUrl="bin/SAM01200Common.dll" publishTime="07/31/2018 15:53:38" />
    <file relUrl="bin/SAM01600BackResources.xml" publishTime="07/06/2018 12:02:10" />
    <file relUrl="bin/SAM01600BackResources.pdb" publishTime="07/06/2018 12:02:10" />
    <file relUrl="Services/GSI00100Service/GSI00100StreamingService/GSI00100StreamingService.svc" publishTime="10/04/2016 10:13:44" />
    <file relUrl="bin/SAM02200Back.xml" publishTime="07/06/2018 12:54:31" />
    <file relUrl="bin/SAM01600Back.pdb" publishTime="07/06/2018 12:54:31" />
    <file relUrl="bin/SAM02300Back.dll" publishTime="07/06/2018 12:54:31" />
    <file relUrl="bin/SAM01500Common.pdb" publishTime="07/06/2018 12:01:02" />
    <file relUrl="bin/SAM01300Common.dll" publishTime="10/10/2018 11:29:13" />
    <file relUrl="bin/SAM02300Common.pdb" publishTime="07/06/2018 12:05:15" />
    <file relUrl="bin/SAM00200Back.pdb" publishTime="07/05/2018 16:21:44" />
    <file relUrl="bin/GSM00200Common.pdb" publishTime="07/05/2018 16:07:32" />
    <file relUrl="bin/R_EmailEngine.dll" publishTime="11/23/2018 14:04:43" />
    <file relUrl="Services/Helper/R_LockingService.svc" publishTime="10/03/2016 16:57:02" />
    <file relUrl="Services/SAM01300Service/SAM01300Service.svc" publishTime="10/04/2016 10:15:39" />
    <file relUrl="bin/SAM01000Back.dll" publishTime="08/27/2018 14:29:46" />
    <file relUrl="bin/SAM00200Back.xml" publishTime="07/05/2018 16:21:44" />
    <file relUrl="Services/SAM01000Service/SAM01000StreamingService/SAM01000StreamingService.svc" publishTime="10/04/2016 10:14:59" />
    <file relUrl="Services/SAM02200Service/SAM02200StreamingService/SAM02200StreamingService.svc" publishTime="10/04/2016 10:17:10" />
    <file relUrl="bin/MyProfileBack.xml" publishTime="07/05/2018 15:06:24" />
    <file relUrl="bin/GSM00200Back.pdb" publishTime="07/05/2018 16:07:33" />
    <file relUrl="bin/SAM01100Common.pdb" publishTime="07/16/2018 14:43:23" />
    <file relUrl="Services/SAM01200Service/UserCompanyService/UserCompanyService.svc" publishTime="10/04/2016 10:15:28" />
    <file relUrl="bin/SAM00200Common.xml" publishTime="07/05/2018 16:21:42" />
    <file relUrl="bin/TelerikMenuService.xml" publishTime="11/23/2018 14:04:59" />
    <file relUrl="bin/ja/REL_BackEnd.resources.dll" publishTime="02/01/2018 17:02:58" />
    <file relUrl="bin/MyProfileBack.dll" publishTime="07/05/2018 15:06:24" />
    <file relUrl="bin/TelerikMenuService.dll" publishTime="11/23/2018 14:04:59" />
    <file relUrl="bin/GSI00100Back.pdb" publishTime="07/05/2018 14:52:28" />
    <file relUrl="bin/SAM01300Common.xml" publishTime="10/10/2018 11:29:05" />
    <file relUrl="Services/SAM01200Service/UserMenuService/UserMenuService.svc" publishTime="10/04/2016 10:15:24" />
    <file relUrl="Services/TestServices/TestReportStreamingService/TestReportStreamingService.svc" publishTime="09/10/2018 12:02:54" />
    <file relUrl="bin/REL_StreamExtendedLibrary.pdb" publishTime="04/12/2018 11:09:51" />
  </publishProfile>
  <publishProfile publishUrl="D:\Deploy\BackEndDeploy1" deleteExistingFiles="True" ftpAnonymousLogin="False" ftpPassiveMode="True" msdeploySite="" msdeploySiteID="" msdeployRemoteSitePhysicalPath="" msdeployAllowUntrustedCertificate="False" msdeploySkipExtraFilesOnServer="True" msdeployMarkAsApp="False" profileName="Profile2" publishMethod="FileSystem" replaceMatchingFiles="False" userName="" savePWD="False" userPWD="" SelectedForPublish="False">
    <file relUrl="Services/ESSMenuService/ESSMenuStreamingService.svc" publishTime="11/30/2018 15:49:37" />
    <file relUrl="Services/SAM01200Service/SAM01200StreamingService/SAM01200StreamingService.svc" publishTime="10/04/2016 10:15:33" />
    <file relUrl="Services/SAI00100Service/SAI00100Service.svc" publishTime="07/25/2018 13:57:34" />
    <file relUrl="Services/SAM01400Service/GST0220Service/GST0220Service.svc" publishTime="10/04/2016 10:15:59" />
    <file relUrl="bin/SAM01300Back.dll" publishTime="10/10/2018 11:30:00" />
    <file relUrl="Services/SAM01100Service/MenuProgramService/MenuProgramService.svc" publishTime="10/04/2016 10:15:14" />
    <file relUrl="Services/SAM01100Service/SAM01100StreamingService/SAM01100StreamingService.svc" publishTime="10/04/2016 10:15:09" />
    <file relUrl="bin/SAM00200Back.dll" publishTime="07/05/2018 16:21:44" />
    <file relUrl="bin/SAM01100Back.pdb" publishTime="07/16/2018 14:43:24" />
    <file relUrl="Services/SAM01300Service/SAM01300StreamingService/SAM01300StreamingService.svc" publishTime="10/04/2016 10:15:43" />
    <file relUrl="bin/GSM00100Common.xml" publishTime="07/05/2018 16:03:46" />
    <file relUrl="bin/TelerikMenuBackResources.pdb" publishTime="09/26/2018 16:37:08" />
    <file relUrl="Services/SAM01000Service/SAM01000Service.svc" publishTime="10/04/2016 10:14:55" />
    <file relUrl="bin/HelperStreamExtensionLibrary.dll" publishTime="08/08/2017 11:51:49" />
    <file relUrl="Services/SAM01100Service/SAM01100Service.svc" publishTime="10/04/2016 10:15:05" />
    <file relUrl="bin/SAI00100Common.xml" publishTime="07/25/2018 11:16:59" />
    <file relUrl="bin/GSM00200Back.xml" publishTime="07/05/2018 16:07:33" />
    <file relUrl="bin/REL_Common.dll" publishTime="11/27/2018 11:52:21" />
    <file relUrl="bin/GSM00100Common.dll" publishTime="07/05/2018 16:03:46" />
    <file relUrl="bin/FileHelpers.dll" publishTime="05/23/2016 14:54:02" />
    <file relUrl="Services/Helper/R_EmailEngineService.svc" publishTime="10/03/2016 16:56:55" />
    <file relUrl="bin/SAM01200Back.xml" publishTime="07/31/2018 15:07:12" />
    <file relUrl="bin/SAM02300Common.xml" publishTime="07/06/2018 12:05:15" />
    <file relUrl="bin/SAM01200Back.pdb" publishTime="07/31/2018 15:07:12" />
    <file relUrl="bin/SAM01500Common.dll" publishTime="07/06/2018 12:01:02" />
    <file relUrl="bin/SAM01300Back.xml" publishTime="10/10/2018 11:30:00" />
    <file relUrl="bin/SAM00200Common.pdb" publishTime="07/05/2018 16:21:42" />
    <file relUrl="bin/GSM00200Common.dll" publishTime="07/05/2018 16:07:32" />
    <file relUrl="Services/SAM01400Service/SAM01400Service.svc" publishTime="10/04/2016 10:15:48" />
    <file relUrl="Services/SAM02200Service/SAM02200Service.svc" publishTime="10/04/2016 10:17:06" />
    <file relUrl="Services/SAM01600Service/SAM01600Service/SAM01600Service.svc" publishTime="10/04/2016 10:16:33" />
    <file relUrl="Web.config" publishTime="12/04/2018 17:25:57" />
    <file relUrl="bin/GSI00100Common.pdb" publishTime="07/05/2018 14:52:27" />
    <file relUrl="bin/R_EmailEngine.pdb" publishTime="11/23/2018 14:04:43" />
    <file relUrl="Services/MenuService/MenuStreamingService/MenuStreamingService.svc" publishTime="10/03/2016 17:02:01" />
    <file relUrl="Services/SAM01600Service/SAM01600StreamingService/SAM01600StreamingService.svc" publishTime="10/04/2016 10:16:38" />
    <file relUrl="bin/id/SAM01600BackResources.resources.dll" publishTime="07/06/2018 12:02:10" />
    <file relUrl="bin/GSI00100Back.xml" publishTime="07/05/2018 14:52:28" />
    <file relUrl="bin/SAM02200Back.dll" publishTime="07/06/2018 12:54:31" />
    <file relUrl="bin/SAM01500Common.xml" publishTime="07/06/2018 12:01:02" />
    <file relUrl="bin/SAM01500Back.pdb" publishTime="07/06/2018 12:54:31" />
    <file relUrl="bin/TelerikMenuService.pdb" publishTime="12/04/2018 17:25:56" />
    <file relUrl="bin/RESTfulEngine.CSharpClient.dll" publishTime="08/14/2018 16:16:38" />
    <file relUrl="Services/GSM00200Service/GSM00200StreamingService/GSM00200StreamingService.svc" publishTime="10/04/2016 10:14:13" />
    <file relUrl="Services/Helper/R_LicenseActivationService.svc" publishTime="10/03/2016 16:56:58" />
    <file relUrl="bin/ESSMenuBack.xml" publishTime="12/04/2018 17:25:55" />
    <file relUrl="bin/GSI00100Back.dll" publishTime="07/05/2018 14:52:28" />
    <file relUrl="bin/SAI00100Common.pdb" publishTime="07/25/2018 11:16:59" />
    <file relUrl="bin/REL_StreamExtendedLibrary.dll" publishTime="04/12/2018 11:09:51" />
    <file relUrl="bin/id/REL_BackEnd.resources.dll" publishTime="11/30/2018 16:27:43" />
    <file relUrl="bin/GSM00100Back.pdb" publishTime="07/06/2018 12:54:30" />
    <file relUrl="Services/GSM00200Service/GSM00210Service/GSM00210Service.svc" publishTime="10/04/2016 10:14:07" />
    <file relUrl="bin/SAM01600Common.pdb" publishTime="07/06/2018 12:02:10" />
    <file relUrl="bin/SAM01600Common.xml" publishTime="07/06/2018 12:02:10" />
    <file relUrl="bin/SAI00100Back.pdb" publishTime="07/25/2018 15:37:21" />
    <file relUrl="bin/SAM01600Back.xml" publishTime="07/06/2018 12:54:31" />
    <file relUrl="bin/SAM02200Common.pdb" publishTime="07/06/2018 12:04:24" />
    <file relUrl="bin/log4net.dll" publishTime="12/10/2015 17:55:06" />
    <file relUrl="Services/TestServices/TestReportService.svc" publishTime="09/10/2018 12:02:18" />
    <file relUrl="bin/log4net.xml" publishTime="05/23/2016 14:53:30" />
    <file relUrl="Services/SAM01200Service/SAM01200Service.svc" publishTime="10/04/2016 10:15:19" />
    <file relUrl="bin/TelerikMenuBackCls.xml" publishTime="09/26/2018 16:48:59" />
    <file relUrl="Services/Helper/R_ProcessAndUploadService.svc" publishTime="10/03/2016 16:57:14" />
    <file relUrl="bin/SAM01100Common.xml" publishTime="07/16/2018 14:43:23" />
    <file relUrl="bin/SAM02300Back.pdb" publishTime="07/06/2018 12:54:31" />
    <file relUrl="bin/SAM02100Common.pdb" publishTime="07/06/2018 12:03:03" />
    <file relUrl="bin/REL_BackEnd.pdb" publishTime="11/30/2018 16:27:43" />
    <file relUrl="bin/HelperStreamExtensionLibrary.pdb" publishTime="08/08/2017 11:51:49" />
    <file relUrl="bin/SAM01100Back.dll" publishTime="07/16/2018 14:43:24" />
    <file relUrl="Services/Helper/R_MailMergeService.svc" publishTime="10/03/2016 16:57:06" />
    <file relUrl="bin/SAM01100Common.dll" publishTime="07/16/2018 14:43:23" />
    <file relUrl="bin/ESSMenuBack.dll" publishTime="12/04/2018 17:25:55" />
    <file relUrl="Services/SAM00200Service/SAM00200Service.svc" publishTime="10/04/2016 10:14:45" />
    <file relUrl="bin/SAM02100Back.pdb" publishTime="07/06/2018 12:54:31" />
    <file relUrl="bin/id/TelerikMenuBackResources.resources.dll" publishTime="09/26/2018 16:37:08" />
    <file relUrl="bin/SAM01600BackResources.dll" publishTime="07/06/2018 12:02:10" />
    <file relUrl="bin/SAM01200Common.pdb" publishTime="07/31/2018 15:53:38" />
    <file relUrl="bin/GSM00200Back.dll" publishTime="07/05/2018 16:07:33" />
    <file relUrl="bin/SAM02100Common.xml" publishTime="07/06/2018 12:03:03" />
    <file relUrl="Services/SAM01500Service/SAM01500StreamingService/SAM01500StreamingService.svc" publishTime="10/04/2016 10:16:19" />
    <file relUrl="bin/MyProfileBack.pdb" publishTime="07/05/2018 15:06:24" />
    <file relUrl="Services/SAM00200Service/SAM00200StreamingService/SAM00200StreamingService.svc" publishTime="10/04/2016 10:14:50" />
    <file relUrl="bin/SAM01200Common.xml" publishTime="07/31/2018 15:53:38" />
    <file relUrl="bin/SAM01200Back.dll" publishTime="07/31/2018 15:07:12" />
    <file relUrl="bin/SAM01300Common.pdb" publishTime="10/10/2018 11:29:13" />
    <file relUrl="bin/SAM00200Common.dll" publishTime="07/05/2018 16:21:42" />
    <file relUrl="bin/SAM01400Back.dll" publishTime="07/06/2018 12:00:19" />
    <file relUrl="Services/SAM01400Service/GST0230Service/GST0230Service.svc" publishTime="10/04/2016 10:15:54" />
    <file relUrl="bin/SAM02200Common.xml" publishTime="07/06/2018 12:04:24" />
    <file relUrl="bin/SAM01100Back.xml" publishTime="07/16/2018 14:43:24" />
    <file relUrl="bin/TelerikMenuBackCls.dll" publishTime="09/26/2018 16:48:59" />
    <file relUrl="bin/GSI00100Common.xml" publishTime="07/05/2018 14:52:27" />
    <file relUrl="bin/SAM01000Back.pdb" publishTime="08/27/2018 14:29:46" />
    <file relUrl="bin/SAM01000Back.xml" publishTime="08/27/2018 14:29:46" />
    <file relUrl="bin/KeySynch.dll" publishTime="05/23/2016 14:53:30" />
    <file relUrl="bin/ja/TelerikMenuBackResources.resources.dll" publishTime="09/26/2018 16:37:08" />
    <file relUrl="bin/GSI00100Common.dll" publishTime="07/05/2018 14:52:27" />
    <file relUrl="Services/GSM00100Service/GSM00100Service.svc" publishTime="10/04/2016 10:13:51" />
    <file relUrl="bin/DocumentFormat.OpenXml.dll" publishTime="05/23/2016 14:54:02" />
    <file relUrl="Services/MenuService/MenuService.svc" publishTime="10/03/2016 17:02:04" />
    <file relUrl="bin/SAM02300Common.dll" publishTime="07/06/2018 12:05:15" />
    <file relUrl="bin/GSM00200Common.xml" publishTime="07/05/2018 16:07:32" />
    <file relUrl="Services/Helper/R_PivotService.svc" publishTime="10/03/2016 16:57:10" />
    <file relUrl="bin/REL_Common.pdb" publishTime="11/27/2018 11:52:21" />
    <file relUrl="bin/TelerikMenuBackResources.dll" publishTime="09/26/2018 16:37:08" />
    <file relUrl="bin/SAM02200Back.pdb" publishTime="07/06/2018 12:54:31" />
    <file relUrl="bin/SAM01500Back.dll" publishTime="07/06/2018 12:54:31" />
    <file relUrl="bin/SAM01500Common.pdb" publishTime="07/06/2018 12:01:02" />
    <file relUrl="Services/SAM02100Service/SAM02100StreamingService/SAM02100StreamingService.svc" publishTime="10/04/2016 10:16:57" />
    <file relUrl="Services/GSM00100Service/GSM00100StreamingService/GSM00100StreamingService.svc" publishTime="10/04/2016 10:13:56" />
    <file relUrl="Services/SAM01400Service/GST0210Service/GST0210Service.svc" publishTime="10/04/2016 10:16:04" />
    <file relUrl="bin/GSM00100Back.xml" publishTime="07/06/2018 12:54:30" />
    <file relUrl="bin/SAI00100Common.dll" publishTime="07/25/2018 11:16:59" />
    <file relUrl="bin/TelerikMenuBackResources.xml" publishTime="09/26/2018 16:37:08" />
    <file relUrl="bin/GSM00100Back.dll" publishTime="07/06/2018 12:54:30" />
    <file relUrl="Services/Helper/R_SecurityPolicyService.svc" publishTime="10/03/2016 16:57:18" />
    <file relUrl="bin/SAI00100Back.xml" publishTime="07/25/2018 15:37:21" />
    <file relUrl="bin/SAM01600Back.dll" publishTime="07/06/2018 12:54:31" />
    <file relUrl="bin/JWT.dll" publishTime="05/23/2016 14:53:30" />
    <file relUrl="bin/SAI00100Back.dll" publishTime="07/25/2018 15:37:21" />
    <file relUrl="bin/SAM01600Common.dll" publishTime="07/06/2018 12:02:10" />
    <file relUrl="bin/SAM02200Common.dll" publishTime="07/06/2018 12:04:24" />
    <file relUrl="Services/LoginService/LoginService.svc" publishTime="10/03/2016 17:02:06" />
    <file relUrl="bin/TelerikMenuBackCls.pdb" publishTime="09/26/2018 16:48:59" />
    <file relUrl="bin/SAM02300Back.xml" publishTime="07/06/2018 12:54:31" />
    <file relUrl="Services/SAI00100Service/SAI00100StreamingService/SAI00100StreamingService.svc" publishTime="10/04/2016 10:14:29" />
    <file relUrl="bin/SAM01300Back.pdb" publishTime="10/10/2018 11:30:00" />
    <file relUrl="Services/SAM02300Service/SAM02300Service.svc" publishTime="02/07/2018 15:56:42" />
    <file relUrl="bin/SpreadsheetLight.dll" publishTime="05/23/2016 14:54:02" />
    <file relUrl="Services/SAM02100Service/SAM02100Service.svc" publishTime="10/04/2016 10:16:53" />
    <file relUrl="bin/SAM02100Back.xml" publishTime="07/06/2018 12:54:31" />
    <file relUrl="bin/SAM02100Common.dll" publishTime="07/06/2018 12:03:03" />
    <file relUrl="bin/REL_BackEnd.dll" publishTime="11/30/2018 16:27:43" />
    <file relUrl="bin/SAM01400Back.pdb" publishTime="07/06/2018 12:00:19" />
    <file relUrl="bin/SAM01500Back.xml" publishTime="07/06/2018 12:54:31" />
    <file relUrl="bin/ESSMenuBack.pdb" publishTime="12/04/2018 17:25:55" />
    <file relUrl="bin/R_EmailEngine.xml" publishTime="11/23/2018 14:04:43" />
    <file relUrl="bin/SAM01400Back.xml" publishTime="07/06/2018 12:00:19" />
    <file relUrl="Services/SAM02300Service/SAM02300StreamingService/SAM02300StreamingService.svc" publishTime="02/07/2018 15:51:37" />
    <file relUrl="bin/SAM02100Back.dll" publishTime="07/06/2018 12:54:31" />
    <file relUrl="bin/GSM00100Common.pdb" publishTime="07/05/2018 16:03:46" />
    <file relUrl="Services/GSM00200Service/GSM00200Service.svc" publishTime="10/04/2016 10:14:03" />
    <file relUrl="bin/SAM01200Common.dll" publishTime="07/31/2018 15:53:38" />
    <file relUrl="bin/SAM01600BackResources.xml" publishTime="07/06/2018 12:02:10" />
    <file relUrl="bin/SAM00200Back.pdb" publishTime="07/05/2018 16:21:44" />
    <file relUrl="Services/GSI00100Service/GSI00100StreamingService/GSI00100StreamingService.svc" publishTime="10/04/2016 10:13:44" />
    <file relUrl="bin/SAM02200Back.xml" publishTime="07/06/2018 12:54:31" />
    <file relUrl="bin/SAM01600Back.pdb" publishTime="07/06/2018 12:54:31" />
    <file relUrl="bin/SAM02300Back.dll" publishTime="07/06/2018 12:54:31" />
    <file relUrl="Services/ESSMenuService/ESSMenuService.svc" publishTime="11/29/2018 11:23:07" />
    <file relUrl="bin/SAM01300Common.dll" publishTime="10/10/2018 11:29:13" />
    <file relUrl="bin/SAM02300Common.pdb" publishTime="07/06/2018 12:05:15" />
    <file relUrl="bin/GSM00200Common.pdb" publishTime="07/05/2018 16:07:32" />
    <file relUrl="bin/R_EmailEngine.dll" publishTime="11/23/2018 14:04:43" />
    <file relUrl="Services/SAM01400Service/GST0200Service/GST0200Service.svc" publishTime="10/04/2016 10:16:08" />
    <file relUrl="Services/Helper/R_LockingService.svc" publishTime="10/03/2016 16:57:02" />
    <file relUrl="Services/SAM01300Service/SAM01300Service.svc" publishTime="10/04/2016 10:15:39" />
    <file relUrl="bin/SAM01000Back.dll" publishTime="08/27/2018 14:29:46" />
    <file relUrl="bin/SAM00200Back.xml" publishTime="07/05/2018 16:21:44" />
    <file relUrl="Services/SAM01000Service/SAM01000StreamingService/SAM01000StreamingService.svc" publishTime="10/04/2016 10:14:59" />
    <file relUrl="Services/SAM02200Service/SAM02200StreamingService/SAM02200StreamingService.svc" publishTime="10/04/2016 10:17:10" />
    <file relUrl="bin/SAM01600BackResources.pdb" publishTime="07/06/2018 12:02:10" />
    <file relUrl="bin/MyProfileBack.xml" publishTime="07/05/2018 15:06:24" />
    <file relUrl="bin/GSM00200Back.pdb" publishTime="07/05/2018 16:07:33" />
    <file relUrl="bin/SAM01100Common.pdb" publishTime="07/16/2018 14:43:23" />
    <file relUrl="Services/SAM01200Service/UserCompanyService/UserCompanyService.svc" publishTime="10/04/2016 10:15:28" />
    <file relUrl="bin/SAM00200Common.xml" publishTime="07/05/2018 16:21:42" />
    <file relUrl="bin/TelerikMenuService.xml" publishTime="12/04/2018 17:25:56" />
    <file relUrl="bin/ja/REL_BackEnd.resources.dll" publishTime="11/30/2018 16:27:43" />
    <file relUrl="bin/MyProfileBack.dll" publishTime="07/05/2018 15:06:24" />
    <file relUrl="bin/TelerikMenuService.dll" publishTime="12/04/2018 17:25:56" />
    <file relUrl="bin/GSI00100Back.pdb" publishTime="07/05/2018 14:52:28" />
    <file relUrl="bin/SAM01300Common.xml" publishTime="10/10/2018 11:29:05" />
    <file relUrl="Services/SAM01200Service/UserMenuService/UserMenuService.svc" publishTime="10/04/2016 10:15:24" />
    <file relUrl="Services/TestServices/TestReportStreamingService/TestReportStreamingService.svc" publishTime="09/10/2018 12:02:54" />
    <file relUrl="bin/REL_StreamExtendedLibrary.pdb" publishTime="04/12/2018 11:09:51" />
    <file relUrl="Services/SAM01500Service/SAM01500Service.svc" publishTime="10/04/2016 10:16:15" />
    <file relUrl="Services/MyProfileService/MyProfileService.svc" publishTime="10/03/2016 17:01:59" />
  </publishProfile>
  <publishProfile publishUrl="D:\Deploy\BackEndDeploy2" deleteExistingFiles="True" ftpAnonymousLogin="False" ftpPassiveMode="True" msdeploySite="" msdeploySiteID="" msdeployRemoteSitePhysicalPath="" msdeployAllowUntrustedCertificate="False" msdeploySkipExtraFilesOnServer="True" msdeployMarkAsApp="False" profileName="Profile3" publishMethod="FileSystem" replaceMatchingFiles="False" userName="" savePWD="False" userPWD="" SelectedForPublish="True">
    <file relUrl="Services/ESSMenuService/ESSMenuStreamingService.svc" publishTime="11/30/2018 15:49:37" />
    <file relUrl="Services/SAM01200Service/SAM01200StreamingService/SAM01200StreamingService.svc" publishTime="10/04/2016 10:15:33" />
    <file relUrl="bin/SAM02300Common.dll" publishTime="07/06/2018 12:05:15" />
    <file relUrl="Services/SAI00100Service/SAI00100Service.svc" publishTime="07/25/2018 13:57:34" />
    <file relUrl="Services/SAM01400Service/GST0220Service/GST0220Service.svc" publishTime="10/04/2016 10:15:59" />
    <file relUrl="bin/SAM01300Back.dll" publishTime="10/10/2018 11:30:00" />
    <file relUrl="Services/SAM01100Service/MenuProgramService/MenuProgramService.svc" publishTime="10/04/2016 10:15:14" />
    <file relUrl="bin/REL_BackEnd.dll" publishTime="02/08/2019 14:05:57" />
    <file relUrl="Services/SAM01100Service/SAM01100StreamingService/SAM01100StreamingService.svc" publishTime="10/04/2016 10:15:09" />
    <file relUrl="bin/SAM00200Back.dll" publishTime="07/05/2018 16:21:44" />
    <file relUrl="bin/SAM01100Back.pdb" publishTime="07/16/2018 14:43:24" />
    <file relUrl="Services/SAM01300Service/SAM01300StreamingService/SAM01300StreamingService.svc" publishTime="10/04/2016 10:15:43" />
    <file relUrl="bin/GSM00100Common.xml" publishTime="03/01/2019 14:07:28" />
    <file relUrl="bin/TelerikMenuBackResources.pdb" publishTime="09/26/2018 16:37:08" />
    <file relUrl="Services/SAM01000Service/SAM01000Service.svc" publishTime="10/04/2016 10:14:55" />
    <file relUrl="bin/HelperStreamExtensionLibrary.dll" publishTime="08/08/2017 11:51:49" />
    <file relUrl="Services/SAM01100Service/SAM01100Service.svc" publishTime="10/04/2016 10:15:05" />
    <file relUrl="bin/SAI00100Common.xml" publishTime="07/25/2018 11:16:59" />
    <file relUrl="bin/GSM00200Back.xml" publishTime="07/05/2018 16:07:33" />
    <file relUrl="bin/REL_Common.dll" publishTime="02/08/2019 13:25:10" />
    <file relUrl="bin/GSM00100Common.dll" publishTime="03/01/2019 14:07:28" />
    <file relUrl="Services/Helper/R_EmailEngineService.svc" publishTime="10/03/2016 16:56:55" />
    <file relUrl="bin/SAM01200Back.xml" publishTime="07/31/2018 15:07:12" />
    <file relUrl="bin/SAM01500Common.dll" publishTime="07/06/2018 12:01:02" />
    <file relUrl="bin/SAM02300Common.xml" publishTime="07/06/2018 12:05:15" />
    <file relUrl="bin/SAM01200Back.pdb" publishTime="07/31/2018 15:07:12" />
    <file relUrl="Services/MenuService/MenuService.svc" publishTime="10/03/2016 17:02:04" />
    <file relUrl="bin/SAM01300Back.xml" publishTime="10/10/2018 11:30:00" />
    <file relUrl="bin/SAM00200Common.pdb" publishTime="07/05/2018 16:21:42" />
    <file relUrl="bin/GSM00200Common.dll" publishTime="07/05/2018 16:07:32" />
    <file relUrl="Services/SAM01400Service/SAM01400Service.svc" publishTime="10/04/2016 10:15:48" />
    <file relUrl="Services/SAM02200Service/SAM02200Service.svc" publishTime="10/04/2016 10:17:06" />
    <file relUrl="Services/SAM01600Service/SAM01600Service/SAM01600Service.svc" publishTime="10/04/2016 10:16:33" />
    <file relUrl="Web.config" publishTime="07/26/2019 14:25:33" />
    <file relUrl="bin/GSI00100Common.pdb" publishTime="07/05/2018 14:52:27" />
    <file relUrl="bin/R_EmailEngine.pdb" publishTime="11/23/2018 14:04:43" />
    <file relUrl="Services/MenuService/MenuStreamingService/MenuStreamingService.svc" publishTime="10/03/2016 17:02:01" />
    <file relUrl="bin/REL_StreamExtendedLibrary.pdb" publishTime="04/12/2018 11:09:51" />
    <file relUrl="Services/SAM01600Service/SAM01600StreamingService/SAM01600StreamingService.svc" publishTime="10/04/2016 10:16:38" />
    <file relUrl="bin/id/SAM01600BackResources.resources.dll" publishTime="07/06/2018 12:02:10" />
    <file relUrl="bin/GSI00100Back.xml" publishTime="07/05/2018 14:52:28" />
    <file relUrl="bin/SAM01500Common.xml" publishTime="07/06/2018 12:01:02" />
    <file relUrl="bin/SAM01500Back.pdb" publishTime="07/06/2018 12:54:31" />
    <file relUrl="bin/TelerikMenuService.pdb" publishTime="07/26/2019 14:00:54" />
    <file relUrl="Services/GSM00200Service/GSM00200StreamingService/GSM00200StreamingService.svc" publishTime="10/04/2016 10:14:13" />
    <file relUrl="Services/Helper/R_LicenseActivationService.svc" publishTime="10/03/2016 16:56:58" />
    <file relUrl="bin/ESSMenuBack.xml" publishTime="07/26/2019 14:00:51" />
    <file relUrl="bin/GSI00100Back.dll" publishTime="07/05/2018 14:52:28" />
    <file relUrl="bin/SAI00100Common.pdb" publishTime="07/25/2018 11:16:59" />
    <file relUrl="bin/REL_StreamExtendedLibrary.dll" publishTime="04/12/2018 11:09:51" />
    <file relUrl="bin/id/REL_BackEnd.resources.dll" publishTime="02/08/2019 14:05:57" />
    <file relUrl="bin/GSM00100Back.pdb" publishTime="07/06/2018 12:54:30" />
    <file relUrl="Services/GSM00200Service/GSM00210Service/GSM00210Service.svc" publishTime="10/04/2016 10:14:07" />
    <file relUrl="bin/SAM01600Common.pdb" publishTime="07/06/2018 12:02:10" />
    <file relUrl="bin/SAM01600Common.xml" publishTime="07/06/2018 12:02:10" />
    <file relUrl="bin/SAI00100Back.pdb" publishTime="07/25/2018 15:37:21" />
    <file relUrl="bin/SAM01600Back.xml" publishTime="07/06/2018 12:54:31" />
    <file relUrl="bin/SAM02200Common.pdb" publishTime="07/06/2018 12:04:24" />
    <file relUrl="Services/SAM01200Service/SAM01200Service.svc" publishTime="10/04/2016 10:15:19" />
    <file relUrl="bin/TelerikMenuBackCls.xml" publishTime="09/26/2018 16:48:59" />
    <file relUrl="Services/Helper/R_ProcessAndUploadService.svc" publishTime="10/03/2016 16:57:14" />
    <file relUrl="bin/SAM01100Common.xml" publishTime="07/16/2018 14:43:23" />
    <file relUrl="bin/SAM02300Back.pdb" publishTime="07/06/2018 12:54:31" />
    <file relUrl="bin/SAM02100Common.pdb" publishTime="07/06/2018 12:03:03" />
    <file relUrl="bin/REL_BackEnd.pdb" publishTime="02/08/2019 14:05:57" />
    <file relUrl="bin/HelperStreamExtensionLibrary.pdb" publishTime="08/08/2017 11:51:49" />
    <file relUrl="bin/SAM01100Back.dll" publishTime="07/16/2018 14:43:24" />
    <file relUrl="Services/Helper/R_MailMergeService.svc" publishTime="10/03/2016 16:57:06" />
    <file relUrl="bin/SAM01100Common.dll" publishTime="07/16/2018 14:43:23" />
    <file relUrl="bin/ESSMenuBack.dll" publishTime="07/26/2019 14:00:51" />
    <file relUrl="bin/SAM02100Back.pdb" publishTime="07/06/2018 12:54:31" />
    <file relUrl="bin/id/TelerikMenuBackResources.resources.dll" publishTime="09/26/2018 16:37:08" />
    <file relUrl="bin/SAM01600BackResources.dll" publishTime="07/06/2018 12:02:10" />
    <file relUrl="bin/SAM01200Common.pdb" publishTime="04/24/2019 13:49:30" />
    <file relUrl="bin/GSM00200Back.dll" publishTime="07/05/2018 16:07:33" />
    <file relUrl="bin/TelerikMenuService.xml" publishTime="07/26/2019 14:00:54" />
    <file relUrl="bin/MyProfileBack.pdb" publishTime="07/05/2018 15:06:24" />
    <file relUrl="Services/SAM00200Service/SAM00200StreamingService/SAM00200StreamingService.svc" publishTime="10/04/2016 10:14:50" />
    <file relUrl="bin/SAM01200Common.xml" publishTime="04/24/2019 13:49:30" />
    <file relUrl="bin/SAM01200Back.dll" publishTime="07/31/2018 15:07:12" />
    <file relUrl="bin/SAM01300Common.pdb" publishTime="10/10/2018 11:29:13" />
    <file relUrl="bin/SAM00200Common.dll" publishTime="07/05/2018 16:21:42" />
    <file relUrl="bin/SAM01400Back.dll" publishTime="07/06/2018 12:00:19" />
    <file relUrl="Services/SAM01400Service/GST0230Service/GST0230Service.svc" publishTime="10/04/2016 10:15:54" />
    <file relUrl="bin/R_EmailEngine.xml" publishTime="11/23/2018 14:04:43" />
    <file relUrl="bin/SAM02200Common.xml" publishTime="07/06/2018 12:04:24" />
    <file relUrl="bin/SAM01100Back.xml" publishTime="07/16/2018 14:43:24" />
    <file relUrl="bin/TelerikMenuBackCls.dll" publishTime="09/26/2018 16:48:59" />
    <file relUrl="bin/GSI00100Common.xml" publishTime="07/05/2018 14:52:27" />
    <file relUrl="bin/SAM01000Back.pdb" publishTime="08/27/2018 14:29:46" />
    <file relUrl="bin/SAM01000Back.xml" publishTime="08/27/2018 14:29:46" />
    <file relUrl="bin/KeySynch.dll" publishTime="05/23/2016 14:53:30" />
    <file relUrl="bin/ja/TelerikMenuBackResources.resources.dll" publishTime="09/26/2018 16:37:08" />
    <file relUrl="bin/GSI00100Common.dll" publishTime="07/05/2018 14:52:27" />
    <file relUrl="Services/GSM00100Service/GSM00100Service.svc" publishTime="10/04/2016 10:13:51" />
    <file relUrl="bin/SAM02100Common.xml" publishTime="07/06/2018 12:03:03" />
    <file relUrl="bin/GSM00200Common.xml" publishTime="07/05/2018 16:07:32" />
    <file relUrl="Services/Helper/R_PivotService.svc" publishTime="10/03/2016 16:57:10" />
    <file relUrl="bin/REL_Common.pdb" publishTime="02/08/2019 13:25:10" />
    <file relUrl="bin/TelerikMenuBackResources.dll" publishTime="09/26/2018 16:37:08" />
    <file relUrl="bin/SAM02200Back.pdb" publishTime="07/06/2018 12:54:31" />
    <file relUrl="bin/SAM01500Back.dll" publishTime="07/06/2018 12:54:31" />
    <file relUrl="Services/SAM02100Service/SAM02100StreamingService/SAM02100StreamingService.svc" publishTime="10/04/2016 10:16:57" />
    <file relUrl="bin/ja/REL_BackEnd.resources.dll" publishTime="02/08/2019 14:05:58" />
    <file relUrl="Services/GSM00100Service/GSM00100StreamingService/GSM00100StreamingService.svc" publishTime="10/04/2016 10:13:56" />
    <file relUrl="Services/SAM01500Service/SAM01500StreamingService/SAM01500StreamingService.svc" publishTime="10/04/2016 10:16:19" />
    <file relUrl="Services/SAM01400Service/GST0210Service/GST0210Service.svc" publishTime="10/04/2016 10:16:04" />
    <file relUrl="bin/GSM00100Back.xml" publishTime="07/06/2018 12:54:30" />
    <file relUrl="bin/SAI00100Common.dll" publishTime="07/25/2018 11:16:59" />
    <file relUrl="bin/TelerikMenuBackResources.xml" publishTime="09/26/2018 16:37:08" />
    <file relUrl="bin/GSM00100Back.dll" publishTime="07/06/2018 12:54:30" />
    <file relUrl="Services/Helper/R_SecurityPolicyService.svc" publishTime="10/03/2016 16:57:18" />
    <file relUrl="bin/SAI00100Back.xml" publishTime="07/25/2018 15:37:21" />
    <file relUrl="bin/SAM01600Back.dll" publishTime="07/06/2018 12:54:31" />
    <file relUrl="bin/JWT.dll" publishTime="05/23/2016 14:53:30" />
    <file relUrl="bin/SAI00100Back.dll" publishTime="07/25/2018 15:37:21" />
    <file relUrl="bin/SAM01600Common.dll" publishTime="07/06/2018 12:02:10" />
    <file relUrl="bin/SAM02200Common.dll" publishTime="07/06/2018 12:04:24" />
    <file relUrl="Services/LoginService/LoginService.svc" publishTime="10/03/2016 17:02:06" />
    <file relUrl="bin/TelerikMenuBackCls.pdb" publishTime="09/26/2018 16:48:59" />
    <file relUrl="bin/SAM02300Back.xml" publishTime="07/06/2018 12:54:31" />
    <file relUrl="Services/GSM00200Service/GSM00200Service.svc" publishTime="10/04/2016 10:14:03" />
    <file relUrl="Services/SAI00100Service/SAI00100StreamingService/SAI00100StreamingService.svc" publishTime="10/04/2016 10:14:29" />
    <file relUrl="bin/SAM01300Back.pdb" publishTime="10/10/2018 11:30:00" />
    <file relUrl="Services/SAM02300Service/SAM02300Service.svc" publishTime="02/07/2018 15:56:42" />
    <file relUrl="bin/SpreadsheetLight.dll" publishTime="05/23/2016 14:54:02" />
    <file relUrl="Services/SAM02100Service/SAM02100Service.svc" publishTime="10/04/2016 10:16:53" />
    <file relUrl="bin/SAM02100Back.xml" publishTime="07/06/2018 12:54:31" />
    <file relUrl="bin/SAM02100Common.dll" publishTime="07/06/2018 12:03:03" />
    <file relUrl="bin/SAM00200Back.pdb" publishTime="07/05/2018 16:21:44" />
    <file relUrl="bin/SAM01400Back.pdb" publishTime="07/06/2018 12:00:19" />
    <file relUrl="bin/SAM01500Back.xml" publishTime="07/06/2018 12:54:31" />
    <file relUrl="bin/ESSMenuBack.pdb" publishTime="07/26/2019 14:00:51" />
    <file relUrl="Services/SAM01500Service/SAM01500Service.svc" publishTime="10/04/2016 10:16:15" />
    <file relUrl="bin/SAM01400Back.xml" publishTime="07/06/2018 12:00:19" />
    <file relUrl="Services/SAM02300Service/SAM02300StreamingService/SAM02300StreamingService.svc" publishTime="02/07/2018 15:51:37" />
    <file relUrl="bin/SAM02100Back.dll" publishTime="07/06/2018 12:54:31" />
    <file relUrl="bin/GSM00100Common.pdb" publishTime="03/01/2019 14:07:28" />
    <file relUrl="Services/SAM00200Service/SAM00200Service.svc" publishTime="10/04/2016 10:14:45" />
    <file relUrl="bin/SAM01200Common.dll" publishTime="04/24/2019 13:49:30" />
    <file relUrl="bin/SAM01600BackResources.xml" publishTime="07/06/2018 12:02:10" />
    <file relUrl="bin/SAM01600BackResources.pdb" publishTime="07/06/2018 12:02:10" />
    <file relUrl="Services/GSI00100Service/GSI00100StreamingService/GSI00100StreamingService.svc" publishTime="10/04/2016 10:13:44" />
    <file relUrl="bin/SAM02200Back.xml" publishTime="07/06/2018 12:54:31" />
    <file relUrl="Services/ESSMenuService/ESSMenuService.svc" publishTime="11/29/2018 11:23:07" />
    <file relUrl="bin/SAM01600Back.pdb" publishTime="07/06/2018 12:54:31" />
    <file relUrl="bin/SAM02300Back.dll" publishTime="07/06/2018 12:54:31" />
    <file relUrl="bin/SAM01500Common.pdb" publishTime="07/06/2018 12:01:02" />
    <file relUrl="bin/SAM01300Common.dll" publishTime="10/10/2018 11:29:13" />
    <file relUrl="bin/SAM02300Common.pdb" publishTime="07/06/2018 12:05:15" />
    <file relUrl="bin/GSM00200Common.pdb" publishTime="07/05/2018 16:07:32" />
    <file relUrl="bin/R_EmailEngine.dll" publishTime="11/23/2018 14:04:43" />
    <file relUrl="Services/Helper/R_LockingService.svc" publishTime="10/03/2016 16:57:02" />
    <file relUrl="Services/SAM01300Service/SAM01300Service.svc" publishTime="10/04/2016 10:15:39" />
    <file relUrl="bin/SAM01000Back.dll" publishTime="08/27/2018 14:29:46" />
    <file relUrl="bin/SAM00200Back.xml" publishTime="07/05/2018 16:21:44" />
    <file relUrl="Services/SAM01000Service/SAM01000StreamingService/SAM01000StreamingService.svc" publishTime="10/04/2016 10:14:59" />
    <file relUrl="Services/SAM02200Service/SAM02200StreamingService/SAM02200StreamingService.svc" publishTime="10/04/2016 10:17:10" />
    <file relUrl="bin/MyProfileBack.xml" publishTime="07/05/2018 15:06:24" />
    <file relUrl="bin/GSM00200Back.pdb" publishTime="07/05/2018 16:07:33" />
    <file relUrl="bin/SAM01100Common.pdb" publishTime="07/16/2018 14:43:23" />
    <file relUrl="Services/SAM01200Service/UserCompanyService/UserCompanyService.svc" publishTime="10/04/2016 10:15:28" />
    <file relUrl="bin/SAM00200Common.xml" publishTime="07/05/2018 16:21:42" />
    <file relUrl="bin/SAM02200Back.dll" publishTime="07/06/2018 12:54:31" />
    <file relUrl="bin/FileHelpers.dll" publishTime="05/23/2016 14:54:02" />
    <file relUrl="bin/MyProfileBack.dll" publishTime="07/05/2018 15:06:24" />
    <file relUrl="bin/TelerikMenuService.dll" publishTime="07/26/2019 14:00:54" />
    <file relUrl="bin/GSI00100Back.pdb" publishTime="07/05/2018 14:52:28" />
    <file relUrl="bin/SAM01300Common.xml" publishTime="10/10/2018 11:29:05" />
    <file relUrl="Services/SAM01200Service/UserMenuService/UserMenuService.svc" publishTime="10/04/2016 10:15:24" />
    <file relUrl="Services/SAM01400Service/GST0200Service/GST0200Service.svc" publishTime="10/04/2016 10:16:08" />
    <file relUrl="Services/MyProfileService/MyProfileService.svc" publishTime="10/03/2016 17:01:59" />
  </publishProfile>
</publishData>